{"cameraMode":{"drawMode":0,"name":"Shaded","section":"Shading Mode"},"sceneLighting":true,"audioPlay":false,"sceneViewState":{"showFog":true,"showMaterialUpdate":false,"showSkybox":true,"showFlares":true,"showImageEffects":true,"showParticleSystems":true,"showVisualEffectGraphs":true,"m_FxEnabled":true},"in2DMode":false,"pivot":{"x":872.8588256835938,"y":1687.8323974609375,"z":-18.36944580078125},"rotation":{"x":-0.05577928200364113,"y":0.008084854111075402,"z":-0.00045261112973093987,"w":-0.9984171390533447},"size":159.73321533203126,"orthographic":false}