{"cameraMode":{"drawMode":0,"name":"Shaded","section":"Shading Mode"},"sceneLighting":true,"audioPlay":false,"sceneViewState":{"showFog":true,"showMaterialUpdate":false,"showSkybox":true,"showFlares":true,"showImageEffects":true,"showParticleSystems":true,"showVisualEffectGraphs":true,"m_FxEnabled":true},"in2DMode":false,"pivot":{"x":870.082763671875,"y":1733.61572265625,"z":-16.749282836914064},"rotation":{"x":0.019187740981578828,"y":0.012594997882843018,"z":0.0002408237778581679,"w":-0.9997434020042419},"size":152.85475158691407,"orthographic":false}